"Nest_ID","Year","Elevation","FirstEggDate","IncubationStart","ExpectedHatch","HatchDate","D8","D16","Clutch","Brood..D16.","Status","RFID","OLD_RFID","P_sex"
"1-1",2019,"H","9-Jun-19","14-Jun-19","26-Jun-19","27-Jun-19","4-Jul-19","12-Jul-19",6,NA,"Depredated","01101705A3","1.10E+75","M"
"1-1",2019,"H","9-Jun-19","14-Jun-19","26-Jun-19","27-Jun-19","4-Jul-19","12-Jul-19",6,NA,"Depredated","0700ED990E","","F"
"1",2019,"H","9-Jun-19","14-Jun-19","26-Jun-19","","","",6,NA,"Depredated","","","M"
"1",2019,"H","9-Jun-19","14-Jun-19","26-Jun-19","","","",6,NA,"Depredated","","","F"
"2-1",2019,"H","18-Jun-19","23-Jun-19","5-Jul-19","6-Jul-19","13-Jul-19","21-Jul-19",6,6,"Success","0700EDBFAD","","M"
"2-1",2019,"H","18-Jun-19","23-Jun-19","5-Jul-19","6-Jul-19","13-Jul-19","21-Jul-19",6,6,"Success","0110179A53","","F"
"3-2",2019,"H","2-Jun-19","9-Jun-19","21-Jun-19","","","",7,NA,"Depredated","UNKNOWN","","M"
"3-2",2019,"H","2-Jun-19","9-Jun-19","21-Jun-19","","","",7,NA,"Depredated","0700EDC782","","F"
"5",2019,"H","10-Jun-19","20-Jun-19","2-Jul-19","3-Jul-19","10-Jul-19","18-Jul-19",5,5,"Success","0700EDD82A","030001F664","M"
"5",2019,"H","10-Jun-19","20-Jun-19","2-Jul-19","3-Jul-19","10-Jul-19","18-Jul-19",5,5,"Success","01101796AE","","F"
"6",2019,"H","9-Jun-19","14-Jun-19","26-Jun-19","","","",6,NA,"Depredated","","","M"
"6",2019,"H","9-Jun-19","14-Jun-19","26-Jun-19","","","",6,NA,"Depredated","","","F"
"10",2019,"H","9-Jun-19","15-Jun-19","27-Jun-19","26-Jun-19","3-Jul-19","11-Jul-19",7,7,"Success","0700EE2693","030001F885","M"
"10",2019,"H","9-Jun-19","15-Jun-19","27-Jun-19","26-Jun-19","3-Jul-19","11-Jul-19",7,7,"Success","0700ED9998","","F"
"15",2019,"H","6-Jun-19","14-Jun-19","26-Jun-19","26-Jun-19","3-Jul-19","11-Jul-19",7,6,"Success","110172346","011017A327","M"
"15",2019,"H","6-Jun-19","14-Jun-19","26-Jun-19","26-Jun-19","3-Jul-19","11-Jul-19",7,6,"Success","0700EDD2A3","","F"
"17",2019,"H","4-Jun-19","10-Jun-19","22-Jun-19","21-Jun-19","28-Jun-19","6-Jul-19",6,3,"Success","0110173D14","01101798A9","M"
"17",2019,"H","4-Jun-19","10-Jun-19","22-Jun-19","21-Jun-19","28-Jun-19","6-Jul-19",6,3,"Success","0700EDDF34","","F"
"17-2",2019,"H","6-Jun-19","11-Jun-19","23-Jun-19","25-Jun-19","2-Jul-19","10-Jul-19",6,2,"Success","0700EE0329","","M"
"17-2",2019,"H","6-Jun-19","11-Jun-19","23-Jun-19","25-Jun-19","2-Jul-19","10-Jul-19",6,2,"Success","0700ED9947","","F"
"18-3",2019,"H","11-Jun-19","27-Jun-19","9-Jul-19","10-Jul-19","17-Jul-19","25-Jul-19",4,4,"Success","0700EE20B2","0700EE3582","M"
"18-3",2019,"H","11-Jun-19","27-Jun-19","9-Jul-19","10-Jul-19","17-Jul-19","25-Jul-19",4,4,"Success","0700EE0395","","F"
"21-1",2019,"H","9-Jun-19","15-Jun-19","27-Jun-19","27-Jun-19","4-Jul-19","12-Jul-19",7,5,"Success","0700EE4300","","M"
"21-1",2019,"H","9-Jun-19","15-Jun-19","27-Jun-19","27-Jun-19","4-Jul-19","12-Jul-19",7,5,"Success","0700ED9084","","F"
"22B",2019,"H","5-Jun-19","16-Jun-19","28-Jun-19","1-Jul-19","8-Jul-19","16-Jul-19",5,4,"Success","UNKNOWN","","M"
"22B",2019,"H","5-Jun-19","16-Jun-19","28-Jun-19","1-Jul-19","8-Jul-19","16-Jul-19",5,4,"Success","0700EE2E31","","F"
"22B-2",2019,"H","5-Jun-19","12-Jun-19","24-Jun-19","25-Jun-19","2-Jul-19","10-Jul-19",8,8,"Success","0700EDB225","","M"
"22B-2",2019,"H","5-Jun-19","12-Jun-19","24-Jun-19","25-Jun-19","2-Jul-19","10-Jul-19",8,8,"Success","011016BD62","","F"
"24-1",2019,"H","4-Jun-19","11-Jun-19","23-Jun-19","23-Jun-19","30-Jun-19","8-Jul-19",7,7,"Success","0700EDF64A","","M"
"24-1",2019,"H","4-Jun-19","11-Jun-19","23-Jun-19","23-Jun-19","30-Jun-19","8-Jul-19",7,7,"Success","0700EDC0C6","","F"
"29A",2019,"H","4-Jun-19","11-Jun-19","23-Jun-19","27-Jun-19","4-Jul-19","12-Jul-19",7,7,"Success","0110179BAB","","M"
"29A",2019,"H","4-Jun-19","11-Jun-19","23-Jun-19","27-Jun-19","4-Jul-19","12-Jul-19",7,7,"Success","0700EDCB97","","F"
"31-2",2019,"H","13-Jun-19","20-Jun-19","2-Jul-19","3-Jul-19","10-Jul-19","18-Jul-19",6,6,"Success","0700EDA702","","M"
"31-2",2019,"H","13-Jun-19","20-Jun-19","2-Jul-19","3-Jul-19","10-Jul-19","18-Jul-19",6,6,"Success","01101799DA","","F"
"32",2019,"H","10-Jun-19","16-Jun-19","28-Jun-19","1-Jul-19","8-Jul-19","16-Jul-19",7,7,"Success","0700EDDE2F","","M"
"32",2019,"H","10-Jun-19","16-Jun-19","28-Jun-19","1-Jul-19","8-Jul-19","16-Jul-19",7,7,"Success","0700EE2C5B","","F"
"33-2",2019,"H","11-Jun-19","14-Jun-19","26-Jun-19","29-Jun-19","6-Jul-19","14-Jul-19",4,4,"Success","01103F8DF7","0700EDE028","M"
"33-2",2019,"H","11-Jun-19","14-Jun-19","26-Jun-19","29-Jun-19","6-Jul-19","14-Jul-19",4,4,"Success","0700EDA11E","","F"
"33-5",2019,"H","8-Jun-19","14-Jun-19","26-Jun-19","29-Jun-19","6-Jul-19","14-Jul-19",7,NA,"Depredated","0700ED870D","","M"
"33-5",2019,"H","8-Jun-19","14-Jun-19","26-Jun-19","29-Jun-19","6-Jul-19","14-Jul-19",7,NA,"Depredated","0700EDF415","","F"
"34",2019,"H","7-Jun-19","12-Jun-19","24-Jun-19","25-Jun-19","2-Jul-19","10-Jul-19",5,4,"Success","0700EDC3CB","","M"
"34",2019,"H","7-Jun-19","12-Jun-19","24-Jun-19","25-Jun-19","2-Jul-19","10-Jul-19",5,4,"Success","01101796A6","","F"
"35",2019,"H","11-Jun-19","16-Jun-19","28-Jun-19","29-Jun-19","6-Jul-19","14-Jul-19",6,6,"Success","0700ED8E2B","","M"
"35",2019,"H","11-Jun-19","16-Jun-19","28-Jun-19","29-Jun-19","6-Jul-19","14-Jul-19",6,6,"Success","0700EE3C13","","F"
"38-1",2019,"H","5-Jun-19","11-Jun-19","23-Jun-19","24-Jun-19","1-Jul-19","9-Jul-19",6,6,"Success","0700EDB721","","M"
"38-1",2019,"H","5-Jun-19","11-Jun-19","23-Jun-19","24-Jun-19","1-Jul-19","9-Jul-19",6,6,"Success","011016B5C8","","F"
"41",2019,"H","10-Jun-19","13-Jun-19","25-Jun-19","28-Jun-19","5-Jul-19","13-Jul-19",4,3,"Success","0110170CC0","0700ED0584","M"
"41",2019,"H","10-Jun-19","13-Jun-19","25-Jun-19","28-Jun-19","5-Jul-19","13-Jul-19",4,3,"Success","0700ED97C3","","F"
"43-2",2019,"H","3-Jun-19","10-Jun-19","22-Jun-19","24-Jun-19","1-Jul-19","9-Jul-19",8,8,"Success","011017A7DF","0700EDC61E","M"
"43-2",2019,"H","3-Jun-19","10-Jun-19","22-Jun-19","24-Jun-19","1-Jul-19","9-Jul-19",8,8,"Success","0700EDB70E","","F"
"6A",2019,"H","7-Jun-19","14-Jun-19","26-Jun-19","27-Jun-19","4-Jul-19","12-Jul-19",8,8,"Success","0700EDAB8F","","M"
"6A",2019,"H","7-Jun-19","14-Jun-19","26-Jun-19","27-Jun-19","4-Jul-19","12-Jul-19",8,8,"Success","011017987F","","F"
"8A",2019,"H","10-Jun-19","15-Jun-19","27-Jun-19","28-Jun-19","5-Jul-19","13-Jul-19",6,6,"Success","030002B8FF","","M"
"8A",2019,"H","10-Jun-19","15-Jun-19","27-Jun-19","28-Jun-19","5-Jul-19","13-Jul-19",6,6,"Success","011017A2FF","","F"
"9A",2019,"H","4-Jun-19","9-Jun-19","21-Jun-19","27-Jun-19","4-Jul-19","12-Jul-19",5,2,"Success","0110179CC6","","M"
"9A",2019,"H","4-Jun-19","9-Jun-19","21-Jun-19","27-Jun-19","4-Jul-19","12-Jul-19",5,2,"Success","0700EE1132","","F"
"14A",2019,"H","9-Jun-19","14-Jun-19","26-Jun-19","","","",6,NA,"Depredated","","","M"
"14A",2019,"H","9-Jun-19","14-Jun-19","26-Jun-19","","","",6,NA,"Depredated","","","F"
"17A",2019,"H","6-Jun-19","14-Jun-19","26-Jun-19","29-Jun-19","6-Jul-19","14-Jul-19",9,8,"Success","0110172D2E","011017A21B","M"
"17A",2019,"H","6-Jun-19","14-Jun-19","26-Jun-19","29-Jun-19","6-Jul-19","14-Jul-19",9,8,"Success","0700ED985B","","F"
"21A",2019,"H","5-Jun-19","11-Jun-19","23-Jun-19","25-Jun-19","2-Jul-19","10-Jul-19",6,0,"Success","011017A0F6","","M"
"21A",2019,"H","5-Jun-19","11-Jun-19","23-Jun-19","25-Jun-19","2-Jul-19","10-Jul-19",6,0,"Success","011016D3AB","","F"
"B6",2019,"H","30-May-19","5-Jun-19","17-Jun-19","18-Jun-19","25-Jun-19","3-Jul-19",6,5,"Success","0700EDC75C","","M"
"B6",2019,"H","30-May-19","5-Jun-19","17-Jun-19","18-Jun-19","25-Jun-19","3-Jul-19",6,5,"Success","011017A0B1","","F"
"B12",2019,"H","30-May-19","16-Jun-19","28-Jun-19","1-Jul-19","8-Jul-19","16-Jul-19",11,5,"Success","0700EE4471","","M"
"B12",2019,"H","30-May-19","16-Jun-19","28-Jun-19","1-Jul-19","8-Jul-19","16-Jul-19",11,5,"Success","0700EE3453","","F"
"B16",2019,"H","3-Jun-19","10-Jun-19","22-Jun-19","22-Jun-19","29-Jun-19","7-Jul-19",7,7,"Success","0700EE3C50","","M"
"B16",2019,"H","3-Jun-19","10-Jun-19","22-Jun-19","22-Jun-19","29-Jun-19","7-Jul-19",7,7,"Success","011017A375","","F"
"B19",2019,"H","6-Jun-19","11-Jun-19","23-Jun-19","25-Jun-19","2-Jul-19","10-Jul-19",6,6,"Success","0700ED87B1","","M"
"B19",2019,"H","6-Jun-19","11-Jun-19","23-Jun-19","25-Jun-19","2-Jul-19","10-Jul-19",6,6,"Success","011016E4E3","","F"
"B30",2019,"H","3-Jun-19","6-Jun-19","18-Jun-19","","6-Jan-00","14-Jan-00",4,NA,"Depredated","011017A58B","","M"
"B30",2019,"H","3-Jun-19","6-Jun-19","18-Jun-19","","6-Jan-00","14-Jan-00",4,NA,"Depredated","","","F"
"B31",2019,"H","8-Jun-19","13-Jun-19","25-Jun-19","26-Jun-19","3-Jul-19","11-Jul-19",6,6,"Success","0700EDE460","0700EDEFA0","M"
"B31",2019,"H","8-Jun-19","13-Jun-19","25-Jun-19","26-Jun-19","3-Jul-19","11-Jul-19",6,6,"Success","0110179DD1","","F"
"B32",2019,"H","7-Jun-19","15-Jun-19","27-Jun-19","29-Jun-19","6-Jul-19","14-Jul-19",9,7,"Success","011016C70D","","M"
"B32",2019,"H","7-Jun-19","15-Jun-19","27-Jun-19","29-Jun-19","6-Jul-19","14-Jul-19",9,7,"Success","0700EDE04B","","F"
"4",2019,"L","15-May-19","22-May-19","3-Jun-19","4-Jun-19","11-Jun-19","19-Jun-19",7,7,"Success","0700ED8AE7 
","","M"
"4",2019,"L","15-May-19","22-May-19","3-Jun-19","4-Jun-19","11-Jun-19","19-Jun-19",7,7,"Success","0700EE3F4B","","F"
"8",2019,"L","15-May-19","23-May-19","4-Jun-19","7-Jun-19","14-Jun-19","22-Jun-19",8,8,"Success","0700EE00D6","","M"
"8",2019,"L","15-May-19","23-May-19","4-Jun-19","7-Jun-19","14-Jun-19","22-Jun-19",8,8,"Success","0700EE251E","","F"
"9",2019,"L","16-May-19","23-May-19","4-Jun-19","6-Jun-19","13-Jun-19","21-Jun-19",7,7,"Success","0700EE1664","","M"
"9",2019,"L","16-May-19","23-May-19","4-Jun-19","6-Jun-19","13-Jun-19","21-Jun-19",7,7,"Success","0700EDCFBE","","F"
"10",2019,"L","22-May-19","28-May-19","9-Jun-19","11-Jun-19","18-Jun-19","26-Jun-19",6,6,"Success","0700EE40A2","0700EE1199","M"
"10",2019,"L","22-May-19","28-May-19","9-Jun-19","11-Jun-19","18-Jun-19","26-Jun-19",6,6,"Success","0700EE4012","","F"
"12",2019,"L","26-May-19","4-Jun-19","16-Jun-19","15-Jun-19","22-Jun-19","30-Jun-19",6,6,"Success","0700EDFD3A","","M"
"12",2019,"L","26-May-19","4-Jun-19","16-Jun-19","15-Jun-19","22-Jun-19","30-Jun-19",6,6,"Success","0700EDF2C1","","F"
"15",2019,"L","18-May-19","28-May-19","9-Jun-19","8-Jun-19","15-Jun-19","23-Jun-19",7,7,"Success","0700EE1406","","M"
"15",2019,"L","18-May-19","28-May-19","9-Jun-19","8-Jun-19","15-Jun-19","23-Jun-19",7,7,"Success","0700EE199E","","F"
"16",2019,"L","27-May-19","4-Jun-19","16-Jun-19","16-Jun-19","23-Jun-19","1-Jul-19",8,7,"Success","011017A588","","M"
"16",2019,"L","27-May-19","4-Jun-19","16-Jun-19","16-Jun-19","23-Jun-19","1-Jul-19",8,7,"Success","0700EE2DCE","","F"
"19",2019,"L","16-May-19","28-May-19","9-Jun-19","9-Jun-19","16-Jun-19","24-Jun-19",8,7,"Success","0700EDC0C5","","M"
"19",2019,"L","16-May-19","28-May-19","9-Jun-19","9-Jun-19","16-Jun-19","24-Jun-19",8,7,"Success","0700ED9500","","F"
"22D",2019,"L","UNKNOWN!","11-Jun-19","23-Jun-19","23-Jun-19","30-Jun-19","8-Jul-19",6,6,"Success","01101797BD","","M"
"22D",2019,"L","UNKNOWN!","11-Jun-19","23-Jun-19","23-Jun-19","30-Jun-19","8-Jul-19",6,6,"Success","0700ED9F6B","","F"
"22-1",2019,"L","27-May-19","2-Jun-19","14-Jun-19","14-Jun-19","21-Jun-19","29-Jun-19",6,6,"Success","0700EDD96A","","M"
"22-1",2019,"L","27-May-19","2-Jun-19","14-Jun-19","14-Jun-19","21-Jun-19","29-Jun-19",6,6,"Success","0700ED8676","0300035D05","F"
"22-2",2019,"L","15-May-19","21-May-19","2-Jun-19","5-Jun-19","12-Jun-19","20-Jun-19",6,6,"Success","0700EDC593","","M"
"22-2",2019,"L","15-May-19","21-May-19","2-Jun-19","5-Jun-19","12-Jun-19","20-Jun-19",6,6,"Success","0700EE0A0D","","F"
"22-3",2019,"L","20-May-19","1-Jun-19","13-Jun-19","13-Jun-19","20-Jun-19","28-Jun-19",7,7,"Success","01101708F1","","M"
"22-3",2019,"L","20-May-19","1-Jun-19","13-Jun-19","13-Jun-19","20-Jun-19","28-Jun-19",7,7,"Success","0700EDA42A","","F"
"22-4",2019,"L","27-May-19","2-Jun-19","14-Jun-19","15-Jun-19","22-Jun-19","30-Jun-19",6,5,"Success","01101742EB","","M"
"22-4",2019,"L","27-May-19","2-Jun-19","14-Jun-19","15-Jun-19","22-Jun-19","30-Jun-19",6,5,"Success","011016E48C","","F"
"25-1",2019,"L","9-May-19","16-May-19","28-May-19","30-May-19","6-Jun-19","14-Jun-19",7,6,"Success","0700EDD973","","M"
"25-1",2019,"L","9-May-19","16-May-19","28-May-19","30-May-19","6-Jun-19","14-Jun-19",7,6,"Success","0700EDDCBB","","F"
"25-2",2019,"L","4-Jun-19","12-Jun-19","24-Jun-19","25-Jun-19","2-Jul-19","10-Jul-19",8,7,"Success","0700EDC742","","M"
"25-2",2019,"L","4-Jun-19","12-Jun-19","24-Jun-19","25-Jun-19","2-Jul-19","10-Jul-19",8,7,"Success","0700EE052C","","F"
"25-3",2019,"L","13-May-19","21-May-19","2-Jun-19","3-Jun-19","10-Jun-19","18-Jun-19",7,7,"Success","030002EBD8","","M"
"25-3",2019,"L","13-May-19","21-May-19","2-Jun-19","3-Jun-19","10-Jun-19","18-Jun-19",7,7,"Success","0700EDEC7C","","F"
"27A",2019,"L","18-May-19","28-May-19","9-Jun-19","9-Jun-19","16-Jun-19","24-Jun-19",6,6,"Success","0700EDCBDC","0300030FD8","M"
"27A",2019,"L","18-May-19","28-May-19","9-Jun-19","9-Jun-19","16-Jun-19","24-Jun-19",6,6,"Success","0700ED99B4","","F"
"28",2019,"L","14-May-19","21-May-19","2-Jun-19","4-Jun-19","11-Jun-19","19-Jun-19",7,7,"Success","0700EDEA14","","M"
"28",2019,"L","14-May-19","21-May-19","2-Jun-19","4-Jun-19","11-Jun-19","19-Jun-19",7,7,"Success","0700ED8A10","0700EE04B3","F"
"29-3",2019,"L","17-May-19","23-May-19","4-Jun-19","5-Jun-19","12-Jun-19","20-Jun-19",6,4,"Success","0700ED85C7","","M"
"29-3",2019,"L","17-May-19","23-May-19","4-Jun-19","5-Jun-19","12-Jun-19","20-Jun-19",6,4,"Success","0700ED87B8","","F"
"29-5",2019,"L","23-May-19","1-Jun-19","13-Jun-19","13-Jun-19","20-Jun-19","28-Jun-19",7,7,"Success","0700EE1337","","M"
"29-5",2019,"L","23-May-19","1-Jun-19","13-Jun-19","13-Jun-19","20-Jun-19","28-Jun-19",7,7,"Success","0700EDEF3F","","F"
"29-6",2019,"L","14-May-19","22-May-19","3-Jun-19","5-Jun-19","12-Jun-19","20-Jun-19",8,8,"Success","0700EE28B9","","M"
"29-6",2019,"L","14-May-19","22-May-19","3-Jun-19","5-Jun-19","12-Jun-19","20-Jun-19",8,8,"Success","0700EE3386","","F"
"32",2019,"L","17-May-19","28-May-19","9-Jun-19","9-Jun-19","16-Jun-19","24-Jun-19",6,3,"Success","0700EDB8E5","","M"
"32",2019,"L","17-May-19","28-May-19","9-Jun-19","9-Jun-19","16-Jun-19","24-Jun-19",6,3,"Success","0700EE4081","","F"
"32-2",2019,"L","20-May-19","28-May-19","9-Jun-19","10-Jun-19","17-Jun-19","25-Jun-19",6,6,"Success","0700EE38F7","","M"
"32-2",2019,"L","20-May-19","28-May-19","9-Jun-19","10-Jun-19","17-Jun-19","25-Jun-19",6,6,"Success","0700EDF704","","F"
"37",2019,"L","13-May-19","23-May-19","4-Jun-19","4-Jun-19","11-Jun-19","19-Jun-19",8,5,"Success","0700EE078D","","M"
"37",2019,"L","13-May-19","23-May-19","4-Jun-19","4-Jun-19","11-Jun-19","19-Jun-19",8,5,"Success","0700EDED2A","","F"
"37-2",2019,"L","16-May-19","24-May-19","5-Jun-19","8-Jun-19","15-Jun-19","23-Jun-19",8,7,"Success","0700EDC6C0","","M"
"37-2",2019,"L","16-May-19","24-May-19","5-Jun-19","8-Jun-19","15-Jun-19","23-Jun-19",8,7,"Success","0700EE04FF","","F"
"37-4",2019,"L","16-May-19","23-May-19","4-Jun-19","5-Jun-19","12-Jun-19","20-Jun-19",7,6,"Success","0700EE4554","","M"
"37-4",2019,"L","16-May-19","23-May-19","4-Jun-19","5-Jun-19","12-Jun-19","20-Jun-19",7,6,"Success","0700EDEAD5","","F"
"39-1",2019,"L","15-May-19","21-May-19","2-Jun-19","5-Jun-19","12-Jun-19","20-Jun-19",6,6,"Success","0700EDE323","","M"
"39-1",2019,"L","15-May-19","21-May-19","2-Jun-19","5-Jun-19","12-Jun-19","20-Jun-19",6,6,"Success","0700EDA01B","","F"
"39-2",2019,"L","20-May-19","28-May-19","9-Jun-19","12-Jun-19","19-Jun-19","27-Jun-19",7,6,"Success","0700EE3CB7","","M"
"39-2",2019,"L","20-May-19","28-May-19","9-Jun-19","12-Jun-19","19-Jun-19","27-Jun-19",7,6,"Success","0700EDFF49","","F"
"39-3",2019,"L","14-May-19","21-May-19","2-Jun-19","5-Jun-19","12-Jun-19","20-Jun-19",7,7,"Success","0700EE34AD","","M"
"39-3",2019,"L","14-May-19","21-May-19","2-Jun-19","5-Jun-19","12-Jun-19","20-Jun-19",7,7,"Success","0700ED9109","","F"
"41",2019,"L","15-May-19","21-May-19","2-Jun-19","6-Jun-19","13-Jun-19","21-Jun-19",4,4,"Success","0700EE023F","","M"
"41",2019,"L","15-May-19","21-May-19","2-Jun-19","6-Jun-19","13-Jun-19","21-Jun-19",4,4,"Success","0700EE197F","","F"
"41-1",2019,"L","19-May-19","28-May-19","9-Jun-19","9-Jun-19","16-Jun-19","24-Jun-19",7,7,"Success","0700EDA70B","","M"
"41-1",2019,"L","19-May-19","28-May-19","9-Jun-19","9-Jun-19","16-Jun-19","24-Jun-19",7,7,"Success","0700ED8B76","","F"
"42",2019,"L","16-May-19","28-May-19","9-Jun-19","8-Jun-19","15-Jun-19","23-Jun-19",6,6,"Success","01101748AB","","M"
"42",2019,"L","16-May-19","28-May-19","9-Jun-19","8-Jun-19","15-Jun-19","23-Jun-19",6,6,"Success","0110170FD3","","F"
"43",2019,"L","15-May-19","22-May-19","3-Jun-19","7-Jun-18","14-Jun-18","22-Jun-18",7,7,"Success","0300025C11","","M"
"43",2019,"L","15-May-19","22-May-19","3-Jun-19","7-Jun-18","14-Jun-18","22-Jun-18",7,7,"Success","0700ED9211","","F"
"43-1",2019,"L","16-May-19","28-May-18","9-Jun-18","9-Jun-19","16-Jun-19","24-Jun-19",5,3,"Success","0700EDEA7D","","M"
"43-1",2019,"L","16-May-19","28-May-18","9-Jun-18","9-Jun-19","16-Jun-19","24-Jun-19",5,3,"Success","0700EE41FD","","F"
"43-2",2019,"L","2-Jun-19","11-Jun-19","23-Jun-19","23-Jun-19","30-Jun-19","8-Jul-19",6,4,"Success","UNKNOWN","","M"
"43-2",2019,"L","2-Jun-19","11-Jun-19","23-Jun-19","23-Jun-19","30-Jun-19","8-Jul-19",6,4,"Success","0700EDA312","","F"
"43-3",2019,"L","17-May-19","28-May-19","9-Jun-19","9-Jun-19","16-Jun-19","24-Jun-19",7,5,"Success","0300038FED","","M"
"43-3",2019,"L","17-May-19","28-May-19","9-Jun-19","9-Jun-19","16-Jun-19","24-Jun-19",7,5,"Success","0700EE1D35","","F"
"45",2019,"L","25-May-19","31-May-19","12-Jun-19","13-Jun-19","20-Jun-19","28-Jun-19",6,6,"Success","0700EDC70B","","M"
"45",2019,"L","25-May-19","31-May-19","12-Jun-19","13-Jun-19","20-Jun-19","28-Jun-19",6,6,"Success","0700EDC805","","F"
"47-1",2019,"L","17-May-19","28-May-19","9-Jun-19","11-Jun-19","18-Jun-19","26-Jun-19",8,NA,"Depredated","0700EE187D","","M"
"47-1",2019,"L","17-May-19","28-May-19","9-Jun-19","11-Jun-19","18-Jun-19","26-Jun-19",8,NA,"Depredated","0700EDCC34","","F"
"49-1",2019,"L","26-May-19","31-May-19","12-Jun-19","14-Jun-19","21-Jun-19","29-Jun-19",6,6,"Success","011016FF71","","M"
"49-1",2019,"L","26-May-19","31-May-19","12-Jun-19","14-Jun-19","21-Jun-19","29-Jun-19",6,6,"Success","0700EDE0C0","","F"
"50",2019,"L","16-May-19","23-May-19","4-Jun-19","9-Jun-19","16-Jun-19","24-Jun-19",7,7,"Success","0700EDD85C","","M"
"50",2019,"L","16-May-19","23-May-19","4-Jun-19","9-Jun-19","16-Jun-19","24-Jun-19",7,7,"Success","0700EE378F","","F"
"51",2019,"L","17-May-19","23-May-19","4-Jun-19","5-Jun-19","12-Jun-19","20-Jun-19",6,6,"Success","0700EDF56D","","M"
"51",2019,"L","17-May-19","23-May-19","4-Jun-19","5-Jun-19","12-Jun-19","20-Jun-19",6,6,"Success","0700EDA295","","F"
"51-1",2019,"L","16-May-19","28-May-19","9-Jun-19","9-Jun-19","16-Jun-19","24-Jun-19",7,7,"Success","0700EDD2AF","","M"
"51-1",2019,"L","16-May-19","28-May-19","9-Jun-19","9-Jun-19","16-Jun-19","24-Jun-19",7,7,"Success","0700ED9B18","110170075","F"
"55-1",2019,"L","18-May-19","28-May-19","9-Jun-19","9-Jun-19","16-Jun-19","24-Jun-19",7,7,"Success","0700EE38DF","","M"
"55-1",2019,"L","18-May-19","28-May-19","9-Jun-19","9-Jun-19","16-Jun-19","24-Jun-19",7,7,"Success","300022078","","F"
"55-4",2019,"L","17-May-19","28-May-19","9-Jun-19","10-Jun-19","17-Jun-19","25-Jun-19",9,8,"Success","01101714A5","","M"
"55-4",2019,"L","17-May-19","28-May-19","9-Jun-19","10-Jun-19","17-Jun-19","25-Jun-19",9,8,"Success","0700EDCC90","","F"
"55-7",2019,"L","19-May-19","28-May-19","9-Jun-19","10-Jun-19","17-Jun-19","25-Jun-19",7,3,"Success","0700EDAE57","","M"
"55-7",2019,"L","19-May-19","28-May-19","9-Jun-19","10-Jun-19","17-Jun-19","25-Jun-19",7,3,"Success","110172821","","F"
"58-2",2019,"L","28-Jun-19","4-Jun-19","16-Jun-19","16-Jun-19","23-Jun-19","1-Jul-19",6,6,"Success","0300030A60","","M"
"58-2",2019,"L","28-Jun-19","4-Jun-19","16-Jun-19","16-Jun-19","23-Jun-19","1-Jul-19",6,6,"Success","0700EE455A","","F"
"60",2019,"L","18-May-19","24-May-19","5-Jun-19","6-Jun-19","13-Jun-19","21-Jun-19",6,5,"Success","011017388B","","M"
"60",2019,"L","18-May-19","24-May-19","5-Jun-19","6-Jun-19","13-Jun-19","21-Jun-19",6,5,"Success","01101742F9","","F"
"61-2",2019,"L","14-May-19","23-May-19","4-Jun-19","4-Jun-19","11-Jun-19","19-Jun-19",7,NA,"Depredated","UNKNOWN","","M"
"61-2",2019,"L","14-May-19","23-May-19","4-Jun-19","4-Jun-19","11-Jun-19","19-Jun-19",7,NA,"Depredated","0700ED9715","","F"
"62-1",2019,"L","15-May-19","22-May-19","3-Jun-19","6-Jun-19","13-Jun-19","21-Jun-19",7,6,"Success","0300020B16","","M"
"62-1",2019,"L","15-May-19","22-May-19","3-Jun-19","6-Jun-19","13-Jun-19","21-Jun-19",7,6,"Success","0700EE39D0","","F"
"64",2019,"L","24-May-19","31-May-19","12-Jun-19","14-Jun-19","21-Jun-19","29-Jun-19",7,7,"Success","0700EDC24A","","M"
"64",2019,"L","24-May-19","31-May-19","12-Jun-19","14-Jun-19","21-Jun-19","29-Jun-19",7,7,"Success","0700EE1CDF","","F"
"64B-2",2019,"L","28-May-19","3-Jun-19","15-Jun-19","17-Jun-19","24-Jun-19","2-Jul-19",6,6,"Success","0700ED8D57","","M"
"64B-2",2019,"L","28-May-19","3-Jun-19","15-Jun-19","17-Jun-19","24-Jun-19","2-Jul-19",6,6,"Success","0700EDDDAF","","F"
"65-1",2019,"L","24-May-19","30-May-19","11-Jun-19","14-Jun-19","21-Jun-19","29-Jun-19",6,6,"Success","0700EE1F4A","","M"
"65-1",2019,"L","24-May-19","30-May-19","11-Jun-19","14-Jun-19","21-Jun-19","29-Jun-19",6,6,"Success","0110171EC2","","F"
"67",2019,"L","26-May-19","2-Jun-19","14-Jun-19","15-Jun-19","22-Jun-19","30-Jun-19",7,5,"Success","011017055D","","M"
"67",2019,"L","26-May-19","2-Jun-19","14-Jun-19","15-Jun-19","22-Jun-19","30-Jun-19",7,5,"Success","0700ED8EAF","","F"
"67-2",2019,"L","1-Jun-19","8-Jun-19","20-Jun-19","21-Jun-19","28-Jun-19","6-Jul-19",7,6,"Success","0700EDF928","0700EE2425","M"
"67-2",2019,"L","1-Jun-19","8-Jun-19","20-Jun-19","21-Jun-19","28-Jun-19","6-Jul-19",7,6,"Success","0700EDE859","","F"
"67-4",2019,"L","24-May-19","1-Jun-19","13-Jun-19","14-Jun-19","21-Jun-19","29-Jun-19",7,7,"Success","0700EDE4F9","","M"
"67-4",2019,"L","24-May-19","1-Jun-19","13-Jun-19","14-Jun-19","21-Jun-19","29-Jun-19",7,7,"Success","0700EDC408","","F"
"68",2019,"L","18-May-19","28-May-19","9-Jun-19","10-Jun-19","17-Jun-19","25-Jun-19",7,7,"Success","0700EDDA07","","M"
"68",2019,"L","18-May-19","28-May-19","9-Jun-19","10-Jun-19","17-Jun-19","25-Jun-19",7,7,"Success","0700EE29F8","","F"
"71",2019,"L","28-May-19","3-Jun-19","15-Jun-19","16-Jun-19","23-Jun-19","1-Jul-19",6,6,"Success","1.10E+13","","M"
"71",2019,"L","28-May-19","3-Jun-19","15-Jun-19","16-Jun-19","23-Jun-19","1-Jul-19",6,6,"Success","0700EDAAAB","","F"
"73",2019,"L","16-May-19","23-May-19","4-Jun-19","5-Jun-19","12-Jun-19","20-Jun-19",7,NA,"Success","UNKNOWN","","M"
"73",2019,"L","16-May-19","23-May-19","4-Jun-19","5-Jun-19","12-Jun-19","20-Jun-19",7,NA,"Success","0700EDA87B","","F"
"75",2019,"L","19-May-19","25-May-19","6-Jun-19","9-Jun-19","16-Jun-19","24-Jun-19",6,NA,"Depredated","0700EE2C4F","","M"
"75",2019,"L","19-May-19","25-May-19","6-Jun-19","9-Jun-19","16-Jun-19","24-Jun-19",6,NA,"Depredated","UNKNOWN","","F"
"77",2019,"L","15-May-19","23-May-19","4-Jun-19","5-Jun-19","12-Jun-19","20-Jun-19",8,1,"Success","0700EE0441","","M"
"77",2019,"L","15-May-19","23-May-19","4-Jun-19","5-Jun-19","12-Jun-19","20-Jun-19",8,1,"Success","0700EE279D","","F"
"80",2019,"L","19-May-19","26-May-19","7-Jun-19","9-Jun-19","16-Jun-19","24-Jun-19",7,5,"Success","0700EE133E","","M"
"80",2019,"L","19-May-19","26-May-19","7-Jun-19","9-Jun-19","16-Jun-19","24-Jun-19",7,5,"Success","0700EDC2B6","","F"
"81",2019,"L","18-May-19","28-May-19","9-Jun-19","10-Jun-19","17-Jun-19","25-Jun-19",8,7,"Success","0700ED9AFA","","M"
"81",2019,"L","18-May-19","28-May-19","9-Jun-19","10-Jun-19","17-Jun-19","25-Jun-19",8,7,"Success","0700EE38DB","","F"
"82",2019,"L","13-May-19","22-May-19","3-Jun-19","5-Jun-19","12-Jun-19","20-Jun-19",8,7,"Success","0700ED88B3","","M"
"82",2019,"L","13-May-19","22-May-19","3-Jun-19","5-Jun-19","12-Jun-19","20-Jun-19",8,7,"Success","UNKNOWN","","F"
"86",2019,"L","19-May-19","1-Jun-19","13-Jun-19","13-Jun-19","20-Jun-19","28-Jun-19",7,7,"Success","0700EE165F","","M"
"86",2019,"L","19-May-19","1-Jun-19","13-Jun-19","13-Jun-19","20-Jun-19","28-Jun-19",7,7,"Success","0700EDAA44","","F"
"87",2019,"L","27-May-19","3-Jun-19","15-Jun-19","16-Jun-19","23-Jun-19","1-Jul-19",7,6,"Success","011017A296","","M"
"87",2019,"L","27-May-19","3-Jun-19","15-Jun-19","16-Jun-19","23-Jun-19","1-Jul-19",7,6,"Success","0700EDDCB3","","F"
"87B",2019,"L","23-May-19","1-Jun-19","13-Jun-19","16-Jun-19","23-Jun-19","1-Jul-19",8,NA,"Depredated","0700EDF10F","","M"
"87B",2019,"L","23-May-19","1-Jun-19","13-Jun-19","16-Jun-19","23-Jun-19","1-Jul-19",8,NA,"Depredated","0700EE0B93","","F"
"89",2019,"L","15-May-19","22-May-19","3-Jun-19","6-Jun-19","13-Jun-19","21-Jun-19",7,6,"Success","0700EDBE2D","","M"
"89",2019,"L","15-May-19","22-May-19","3-Jun-19","6-Jun-19","13-Jun-19","21-Jun-19",7,6,"Success","0700EDB4A7","","F"
"90A",2019,"L","19-May-19","28-May-19","9-Jun-19","10-Jun-19","17-Jun-19","25-Jun-19",8,8,"Success","0700EE0D4A","","M"
"90A",2019,"L","19-May-19","28-May-19","9-Jun-19","10-Jun-19","17-Jun-19","25-Jun-19",8,8,"Success","0700EDDB07","","F"
"92",2019,"L","3-Jun-19","11-Jun-19","23-Jun-19","23-Jun-19","30-Jun-19","8-Jul-19",7,6,"Success","011016D578","","M"
"92",2019,"L","3-Jun-19","11-Jun-19","23-Jun-19","23-Jun-19","30-Jun-19","8-Jul-19",7,6,"Success","011016E703","","F"
"93",2019,"L","16-May-19","24-May-19","5-Jun-19","7-Jun-19","14-Jun-19","22-Jun-19",8,7,"Success","0700EDFF57","","M"
"93",2019,"L","16-May-19","24-May-19","5-Jun-19","7-Jun-19","14-Jun-19","22-Jun-19",8,7,"Success","0700EDDFBD","","F"
"94",2019,"L","31-May-19","5-Jun-19","17-Jun-19","19-Jun-19","26-Jun-19","4-Jul-19",7,7,"Success","0700ED90EB","","M"
"94",2019,"L","31-May-19","5-Jun-19","17-Jun-19","19-Jun-19","26-Jun-19","4-Jul-19",7,7,"Success","0700EE3D48","","F"
"1-1",2018,"H","31-May-18","7-Jun-18","19-Jun-18","20-Jun-18","27-Jun-18","5-Jul-18",8,NA,"Depredated","0700EDBFAD","","M"
"1-1",2018,"H","31-May-18","7-Jun-18","19-Jun-18","20-Jun-18","27-Jun-18","5-Jul-18",8,NA,"Depredated","011017987F","","F"
"1",2018,"H","26-May-18","2-Jun-18","14-Jun-18","","6-Jan-00","14-Jan-00",2,NA,"Success","0700EDADD1","","M"
"1",2018,"H","26-May-18","2-Jun-18","14-Jun-18","","6-Jan-00","14-Jan-00",2,NA,"Success","0110179DD5","","F"
"5-2",2018,"H","23-May-18","2-Jun-18","14-Jun-18","14-Jun-18","21-Jun-18","29-Jun-18",7,NA,"Depredated","030001F664","","M"
"5-2",2018,"H","23-May-18","2-Jun-18","14-Jun-18","14-Jun-18","21-Jun-18","29-Jun-18",7,NA,"Depredated","0700EDABF7","","F"
"10",2018,"H","24-May-18","3-Jun-18","15-Jun-18","15-Jun-18","22-Jun-18","30-Jun-18",8,NA,"Depredated","030001F885","","M"
"10",2018,"H","24-May-18","3-Jun-18","15-Jun-18","15-Jun-18","22-Jun-18","30-Jun-18",8,NA,"Depredated","0700ED9998","","F"
"12",2018,"H","31-May-18","6-Jun-18","18-Jun-18","18-Jun-18","25-Jun-18","3-Jul-18",6,NA,"Depredated","0700EE00BC","","M"
"12",2018,"H","31-May-18","6-Jun-18","18-Jun-18","18-Jun-18","25-Jun-18","3-Jul-18",6,NA,"Depredated","01101796AE","","F"
"13",2018,"H","24-May-18","31-May-18","12-Jun-18","13-Jun-18","20-Jun-18","28-Jun-18",6,NA,"Depredated","0700EE3582","","M"
"13",2018,"H","24-May-18","31-May-18","12-Jun-18","13-Jun-18","20-Jun-18","28-Jun-18",6,NA,"Depredated","0700ED870D","","F"
"15",2018,"H","24-May-18","2-Jun-18","14-Jun-18","16-Jun-18","23-Jun-18","1-Jul-18",9,NA,"Depredated","0700EDC3CB","","M"
"15",2018,"H","24-May-18","2-Jun-18","14-Jun-18","16-Jun-18","23-Jun-18","1-Jul-18",9,NA,"Depredated","0700EDD2A3","","F"
"17-1",2018,"H","26-May-18","3-Jun-18","15-Jun-18","16-Jun-18","23-Jun-18","1-Jul-18",7,NA,"Depredated","0700EE0329","","M"
"17-1",2018,"H","26-May-18","3-Jun-18","15-Jun-18","16-Jun-18","23-Jun-18","1-Jul-18",7,NA,"Depredated","0700ED9947","","F"
"17-3",2018,"H","2-Jun-18","8-Jun-18","20-Jun-18","21-Jun-18","28-Jun-18","6-Jul-18",6,NA,"Depredated","0700EDDAA7","","M"
"17-3",2018,"H","2-Jun-18","8-Jun-18","20-Jun-18","21-Jun-18","28-Jun-18","6-Jul-18",6,NA,"Depredated","0700ED990E","","F"
"22",2018,"H","26-May-18","3-Jun-18","15-Jun-18","18-Jun-18","25-Jun-18","3-Jul-18",7,NA,"Depredated","0700EE4300","","M"
"22",2018,"H","26-May-18","3-Jun-18","15-Jun-18","18-Jun-18","25-Jun-18","3-Jul-18",7,NA,"Depredated","030001A0E8","","F"
"22-B",2018,"H","2-Jun-18","8-Jun-18","20-Jun-18","21-Jun-18","28-Jun-18","6-Jul-18",7,NA,"Depredated","0700ED9AAB","","M"
"22-B",2018,"H","2-Jun-18","8-Jun-18","20-Jun-18","21-Jun-18","28-Jun-18","6-Jul-18",7,NA,"Depredated","011017A7DE","","F"
"24-1",2018,"H","31-May-18","7-Jun-18","19-Jun-18","22-Jun-18","29-Jun-18","7-Jul-18",8,NA,"Depredated","0700EDF64A","","M"
"24-1",2018,"H","31-May-18","7-Jun-18","19-Jun-18","22-Jun-18","29-Jun-18","7-Jul-18",8,NA,"Depredated","0700EDC0C6","","F"
"26",2018,"H","6-Jun-18","3-Jun-18","15-Jun-18","22-Jun-18","29-Jun-18","7-Jul-18",8,NA,"Depredated","01101797F0","","M"
"26",2018,"H","6-Jun-18","3-Jun-18","15-Jun-18","22-Jun-18","29-Jun-18","7-Jul-18",8,NA,"Depredated","0700ED9084","","F"
"28-1A",2018,"H","24-May-18","2-Jun-18","14-Jun-18","14-Jun-18","21-Jun-18","29-Jun-18",6,NA,"Depredated","01101799A2","","M"
"28-1A",2018,"H","24-May-18","2-Jun-18","14-Jun-18","14-Jun-18","21-Jun-18","29-Jun-18",6,NA,"Depredated","0700ED8BD1","","F"
"28-2",2018,"H","6-Jun-18","13-Jun-18","25-Jun-18","25-Jun-18","2-Jul-18","10-Jul-18",8,NA,"Depredated","0700ED98EA","","M"
"28-2",2018,"H","6-Jun-18","13-Jun-18","25-Jun-18","25-Jun-18","2-Jul-18","10-Jul-18",8,NA,"Depredated","011017975A","","F"
"29A",2018,"H","25-May-18","2-Jun-18","14-Jun-18","17-Jun-18","24-Jun-18","2-Jul-18",7,5,"Success","0110179BAB","","M"
"29A",2018,"H","25-May-18","2-Jun-18","14-Jun-18","17-Jun-18","24-Jun-18","2-Jul-18",7,5,"Success","0700EDCB97","","F"
"29-3",2018,"H","23-May-18","1-Jun-18","13-Jun-18","16-Jun-18","23-Jun-18","1-Jul-18",8,NA,"Depredated","0700EDD4DE","","M"
"29-3",2018,"H","23-May-18","1-Jun-18","13-Jun-18","16-Jun-18","23-Jun-18","1-Jul-18",8,NA,"Depredated","011017A83A","","F"
"31",2018,"H","7-Jun-18","13-Jun-18","25-Jun-18","27-Jun-18","4-Jul-18","12-Jul-18",6,NA,"Depredated","0700EDD65F","","M"
"31",2018,"H","7-Jun-18","13-Jun-18","25-Jun-18","27-Jun-18","4-Jul-18","12-Jul-18",6,NA,"Depredated","0700ED9194","","F"
"31-2",2018,"H","6-Jun-18","11-Jun-18","23-Jun-18","26-Jun-18","3-Jul-18","11-Jul-18",5,4,"Success","0700EDA702","","M"
"31-2",2018,"H","6-Jun-18","11-Jun-18","23-Jun-18","26-Jun-18","3-Jul-18","11-Jul-18",5,4,"Success","01101799DA","","F"
"33",2018,"H","26-May-18","2-Jun-18","14-Jun-18","18-Jun-18","25-Jun-18","3-Jul-18",6,NA,"Depredated","0700EDE028","","M"
"33",2018,"H","26-May-18","2-Jun-18","14-Jun-18","18-Jun-18","25-Jun-18","3-Jul-18",6,NA,"Depredated","0700EDA11E","","F"
"33-2",2018,"H","3-Jun-18","9-Jun-18","21-Jun-18","22-Jun-18","29-Jun-18","7-Jul-18",7,NA,"Depredated","0700EDDE2F","","M"
"33-2",2018,"H","3-Jun-18","9-Jun-18","21-Jun-18","22-Jun-18","29-Jun-18","7-Jul-18",7,NA,"Depredated","0700EE0395","","F"
"33-5",2018,"H","28-May-18","3-Jun-18","15-Jun-18","18-Jun-18","25-Jun-18","3-Jul-18",7,NA,"Depredated","0700ED870D","","M"
"33-5",2018,"H","28-May-18","3-Jun-18","15-Jun-18","18-Jun-18","25-Jun-18","3-Jul-18",7,NA,"Depredated","0700EDF415","","F"
"35-1",2018,"H","25-May-18","2-Jun-18","14-Jun-18","16-Jun-18","23-Jun-18","1-Jul-18",7,NA,"Depredated","0700EE42B1","","M"
"35-1",2018,"H","25-May-18","2-Jun-18","14-Jun-18","16-Jun-18","23-Jun-18","1-Jul-18",7,NA,"Depredated","0700EE3C13","","F"
"35-1A",2018,"H","9-Jun-18","15-Jun-18","27-Jun-18","29-Jun-18","6-Jul-18","14-Jul-18",8,8,"Success","0700EDB721","","M"
"35-1A",2018,"H","9-Jun-18","15-Jun-18","27-Jun-18","29-Jun-18","6-Jul-18","14-Jul-18",8,8,"Success","0700ED865D","","F"
"39",2018,"H","2-Jun-18","7-Jun-18","19-Jun-18","22-Jun-18","29-Jun-18","7-Jul-18",6,NA,"Success","0700EE32A9","","M"
"39",2018,"H","2-Jun-18","7-Jun-18","19-Jun-18","22-Jun-18","29-Jun-18","7-Jul-18",6,NA,"Success","0700EDE518","","F"
"40",2018,"H","1-Jun-18","6-Jun-18","18-Jun-18","20-Jun-18","27-Jun-18","5-Jul-18",6,NA,"Depredated","0700EE1431","","M"
"40",2018,"H","1-Jun-18","6-Jun-18","18-Jun-18","20-Jun-18","27-Jun-18","5-Jul-18",6,NA,"Depredated","0700ED97C3","","F"
"43",2018,"H","30-May-18","2-Jun-18","14-Jun-18","17-Jun-18","24-Jun-18","2-Jul-18",4,NA,"Depredated","011017A28B","","M"
"43",2018,"H","30-May-18","2-Jun-18","14-Jun-18","17-Jun-18","24-Jun-18","2-Jul-18",4,NA,"Depredated","0700EDEDF9","","F"
"43-2",2018,"H","26-May-18","2-Jun-18","14-Jun-18","16-Jun-18","23-Jun-18","1-Jul-18",8,NA,"Depredated","011017A7DF","","M"
"43-2",2018,"H","26-May-18","2-Jun-18","14-Jun-18","16-Jun-18","23-Jun-18","1-Jul-18",8,NA,"Depredated","0700EDB70E","","F"
"1A",2018,"H","20-May-18","27-May-18","8-Jun-18","10-Jun-18","17-Jun-18","25-Jun-18",7,NA,"Depredated","0700EDAB8F","","M"
"1A",2018,"H","20-May-18","27-May-18","8-Jun-18","10-Jun-18","17-Jun-18","25-Jun-18",7,NA,"Depredated","0110179A53","","F"
"4A",2018,"H","22-May-18","30-May-18","11-Jun-18","12-Jun-18","19-Jun-18","27-Jun-18",6,NA,"Depredated","030002B8FF","","M"
"4A",2018,"H","22-May-18","30-May-18","11-Jun-18","12-Jun-18","19-Jun-18","27-Jun-18",6,NA,"Depredated","0300026CA0","","F"
"6A",2018,"H","29-May-18","5-Jun-18","17-Jun-18","18-Jun-18","25-Jun-18","3-Jul-18",8,NA,"Depredated","011017A21B","","M"
"6A",2018,"H","29-May-18","5-Jun-18","17-Jun-18","18-Jun-18","25-Jun-18","3-Jul-18",8,NA,"Depredated","010799F978","","F"
"7A",2018,"H","1-Jun-18","8-Jun-18","20-Jun-18","22-Jun-18","29-Jun-18","7-Jul-18",8,NA,"Depredated","0110179CC6","","M"
"7A",2018,"H","1-Jun-18","8-Jun-18","20-Jun-18","22-Jun-18","29-Jun-18","7-Jul-18",8,NA,"Depredated","0700EE1132","","F"
"12A",2018,"H","28-May-18","4-Jun-18","16-Jun-18","18-Jun-18","25-Jun-18","3-Jul-18",8,NA,"Depredated","0700EE2818","","M"
"12A",2018,"H","28-May-18","4-Jun-18","16-Jun-18","18-Jun-18","25-Jun-18","3-Jul-18",8,NA,"Depredated","0700ED985B","","F"
"18A",2018,"H","1-Jun-18","8-Jun-18","20-Jun-18","21-Jun-18","28-Jun-18","6-Jul-18",8,8,"Success","011017A0F6","","M"
"18A",2018,"H","1-Jun-18","8-Jun-18","20-Jun-18","21-Jun-18","28-Jun-18","6-Jul-18",8,8,"Success","0700EE1015","","F"
"21A",2018,"H","23-May-18","30-May-18","11-Jun-18","13-Jun-18","20-Jun-18","28-Jun-18",7,7,"Success","0700EE34A2","","M"
"21A",2018,"H","23-May-18","30-May-18","11-Jun-18","13-Jun-18","20-Jun-18","28-Jun-18",7,7,"Success","0700EE1410","","F"
"B2",2018,"H","25-May-18","3-Jun-18","15-Jun-18","16-Jun-18","23-Jun-18","1-Jul-18",6,NA,"Depredated","0700EDB49C","","M"
"B2",2018,"H","25-May-18","3-Jun-18","15-Jun-18","16-Jun-18","23-Jun-18","1-Jul-18",6,NA,"Depredated","0700EE08CB","","F"
"B9",2018,"H","22-May-18","30-May-18","11-Jun-18","11-Jun-18","18-Jun-18","26-Jun-18",8,NA,"Depredated","0300025F50","","M"
"B9",2018,"H","22-May-18","30-May-18","11-Jun-18","11-Jun-18","18-Jun-18","26-Jun-18",8,NA,"Depredated","011017A0B1","","F"
"B11",2018,"H","24-May-18","3-Jun-18","15-Jun-18","15-Jun-18","22-Jun-18","30-Jun-18",7,NA,"Depredated","011017A375","","M"
"B11",2018,"H","24-May-18","3-Jun-18","15-Jun-18","15-Jun-18","22-Jun-18","30-Jun-18",7,NA,"Depredated","011017A3DB","","F"
"B17",2018,"H","23-May-18","3-Jun-18","15-Jun-18","15-Jun-18","22-Jun-18","30-Jun-18",7,NA,"Depredated","0700EE4471","","M"
"B17",2018,"H","23-May-18","3-Jun-18","15-Jun-18","15-Jun-18","22-Jun-18","30-Jun-18",7,NA,"Depredated","0700EE3453","","F"
"B18",2018,"H","2-Jun-18","8-Jun-18","20-Jun-18","","","",7,NA,"Success","030003371B","","M"
"B18",2018,"H","2-Jun-18","8-Jun-18","20-Jun-18","","","",7,NA,"Success","01101798AA","","F"
"B24",2018,"H","27-May-18","4-Jun-18","16-Jun-18","16-Jun-18","23-Jun-18","1-Jul-18",7,NA,"Depredated","0700EDD6B2","","M"
"B24",2018,"H","27-May-18","4-Jun-18","16-Jun-18","16-Jun-18","23-Jun-18","1-Jul-18",7,NA,"Depredated","0110179DD1","","F"
"B27",2018,"H","27-May-18","2-Jun-18","14-Jun-18","16-Jun-18","23-Jun-18","1-Jul-18",7,NA,"Depredated","0700EDD51F","","M"
"B27",2018,"H","27-May-18","2-Jun-18","14-Jun-18","16-Jun-18","23-Jun-18","1-Jul-18",7,NA,"Depredated","0700EE0933","","F"
"B28",2018,"H","1-Jun-18","11-Jun-18","23-Jun-18","24-Jun-18","1-Jul-18","9-Jul-18",8,NA,"Depredated","01101796CF","","M"
"B28",2018,"H","1-Jun-18","11-Jun-18","23-Jun-18","24-Jun-18","1-Jul-18","9-Jul-18",8,NA,"Depredated","0700EE287D","","F"
"B32",2018,"H","30-May-18","5-Jun-18","17-Jun-18","20-Jun-18","27-Jun-18","5-Jul-18",7,NA,"Depredated","0700ED8A15","","M"
"B32",2018,"H","30-May-18","5-Jun-18","17-Jun-18","20-Jun-18","27-Jun-18","5-Jul-18",7,NA,"Depredated","0700EDF137","","F"
"5",2018,"L","17-May-18","28-May-18","9-Jun-18","10-Jun-18","17-Jun-18","25-Jun-18",9,NA,"Depredated","0700ED8AE7","","M"
"5",2018,"L","17-May-18","28-May-18","9-Jun-18","10-Jun-18","17-Jun-18","25-Jun-18",9,NA,"Depredated","03000328BB","","F"
"8",2018,"L","14-May-18","23-May-18","4-Jun-18","6-Jun-18","13-Jun-18","21-Jun-18",9,NA,"Depredated","0700EE00D6","","M"
"8",2018,"L","14-May-18","23-May-18","4-Jun-18","6-Jun-18","13-Jun-18","21-Jun-18",9,NA,"Depredated","0700EE251E","","F"
"9",2018,"L","12-May-18","22-May-18","3-Jun-18","4-Jun-18","11-Jun-18","19-Jun-18",8,NA,"Depredated","0700EE1664","","M"
"9",2018,"L","12-May-18","22-May-18","3-Jun-18","4-Jun-18","11-Jun-18","19-Jun-18",8,NA,"Depredated","0700EDD1FB","","F"
"12",2018,"L","23-May-18","30-May-18","11-Jun-18","12-Jun-18","19-Jun-18","27-Jun-18",7,NA,"Depredated","0700EE1199","","M"
"12",2018,"L","23-May-18","30-May-18","11-Jun-18","12-Jun-18","19-Jun-18","27-Jun-18",7,NA,"Depredated","0700EDF2C1","","F"
"13A",2018,"L","23-May-18","5-Jun-18","17-Jun-18","","6-Jan-00","",8,NA,"Success",NA,"","M"
"13A",2018,"L","23-May-18","5-Jun-18","17-Jun-18","","6-Jan-00","",8,NA,"Success",NA,"","F"
"15",2018,"L","21-May-18","5-Jun-18","17-Jun-18","16-Jun-18","23-Jun-18","1-Jul-18",8,NA,"Depredated","0700EE1406","","M"
"15",2018,"L","21-May-18","5-Jun-18","17-Jun-18","16-Jun-18","23-Jun-18","1-Jul-18",8,NA,"Depredated","0700EDFF05","","F"
"16",2018,"L","13-May-18","25-May-18","6-Jun-18","6-Jun-18","13-Jun-18","21-Jun-18",6,NA,"Depredated","0300030FD8","","M"
"16",2018,"L","13-May-18","25-May-18","6-Jun-18","6-Jun-18","13-Jun-18","21-Jun-18",6,NA,"Depredated","0700EE048B","","F"
"21",2018,"L","16-May-18","25-May-18","6-Jun-18","6-Jun-18","13-Jun-18","21-Jun-18",8,NA,"Success","0700EDAAE7","","M"
"21",2018,"L","16-May-18","25-May-18","6-Jun-18","6-Jun-18","13-Jun-18","21-Jun-18",8,NA,"Success",NA,"","F"
"22-1",2018,"L","13-May-18","23-May-18","4-Jun-18","3-Jun-18","10-Jun-18","18-Jun-18",8,NA,"Success","0700EDA997","","M"
"22-1",2018,"L","13-May-18","23-May-18","4-Jun-18","3-Jun-18","10-Jun-18","18-Jun-18",8,NA,"Success","0700EDB10A","","F"
"22-3",2018,"L","12-May-18","22-May-18","3-Jun-18","4-Jun-18","11-Jun-18","19-Jun-18",8,NA,"Success","","","M"
"22-3",2018,"L","12-May-18","22-May-18","3-Jun-18","4-Jun-18","11-Jun-18","19-Jun-18",8,NA,"Success","","","F"
"22-4",2018,"L","20-May-18","28-May-18","9-Jun-18","10-Jun-18","17-Jun-18","25-Jun-18",7,NA,"Depredated","0700ED969A","","M"
"22-4",2018,"L","20-May-18","28-May-18","9-Jun-18","10-Jun-18","17-Jun-18","25-Jun-18",7,NA,"Depredated","0700EDA42A","","F"
"23",2018,"L","21-May-2018??","27-May-18","8-Jun-18","9-Jun-18","16-Jun-18","24-Jun-18",6,NA,"Depredated","0700EDD96A","","M"
"23",2018,"L","21-May-2018??","27-May-18","8-Jun-18","9-Jun-18","16-Jun-18","24-Jun-18",6,NA,"Depredated","0700EDE71E","","F"
"25-1",2018,"L","26-May-18","31-May-18","12-Jun-18","14-Jun-18","21-Jun-18","29-Jun-18",6,NA,"Depredated","0700ED8ABC","","M"
"25-1",2018,"L","26-May-18","31-May-18","12-Jun-18","14-Jun-18","21-Jun-18","29-Jun-18",6,NA,"Depredated","0300035D05","","F"
"25-2",2018,"L","11-May-18","22-May-18","3-Jun-18","1-Jun-18","8-Jun-18","16-Jun-18",7,NA,"Depredated","0700EDD973","","M"
"25-2",2018,"L","11-May-18","22-May-18","3-Jun-18","1-Jun-18","8-Jun-18","16-Jun-18",7,NA,"Depredated","0700EDDCBB","","F"
"27A",2018,"L","18-May-18","26-May-18","7-Jun-18","8-Jun-18","15-Jun-18","23-Jun-18",7,NA,"Depredated","0700EDB8E2","","M"
"27A",2018,"L","18-May-18","26-May-18","7-Jun-18","8-Jun-18","15-Jun-18","23-Jun-18",7,NA,"Depredated","0700ED99B4","","F"
"28",2018,"L","12-May-18","22-May-18","3-Jun-18","4-Jun-18","11-Jun-18","19-Jun-18",8,NA,"Depredated","0700EDEA14","","M"
"28",2018,"L","12-May-18","22-May-18","3-Jun-18","4-Jun-18","11-Jun-18","19-Jun-18",8,NA,"Depredated","0700EE04B3","","F"
"29-1",2018,"L","6-Jul-18","11-Jul-18","23-Jul-18","24-Jul-18","31-Jul-18","8-Aug-18",5,NA,"Depredated","0700EDEA14","","M"
"29-1",2018,"L","6-Jul-18","11-Jul-18","23-Jul-18","24-Jul-18","31-Jul-18","8-Aug-18",5,NA,"Depredated","0700EE04B3","","F"
"29-3",2018,"L","18-May-18","28-May-18","9-Jun-18","8-Jun-18","15-Jun-18","23-Jun-18",5,NA,"Depredated","0700EE1337","","M"
"29-3",2018,"L","18-May-18","28-May-18","9-Jun-18","8-Jun-18","15-Jun-18","23-Jun-18",5,NA,"Depredated","0700EE4081","","F"
"29-6",2018,"L","11-May-18","22-May-18","3-Jun-18","3-Jun-18","10-Jun-18","18-Jun-18",8,NA,"Depredated","0700EE28B9","","M"
"29-6",2018,"L","11-May-18","22-May-18","3-Jun-18","3-Jun-18","10-Jun-18","18-Jun-18",8,NA,"Depredated","0700EE3386","","F"
"30",2018,"L","22-May-18","30-May-18","11-Jun-18","12-Jun-18","19-Jun-18","27-Jun-18",9,NA,"Depredated","0700EDC742","","M"
"30",2018,"L","22-May-18","30-May-18","11-Jun-18","12-Jun-18","19-Jun-18","27-Jun-18",9,NA,"Depredated","0700EE052C","","F"
"30-2",2018,"L","8-Jun-18","12-Jun-18","24-Jun-18","","6-Jan-00","",6,NA,"Success","","","M"
"30-2",2018,"L","8-Jun-18","12-Jun-18","24-Jun-18","","6-Jan-00","",6,NA,"Success","","","F"
"30-7",2018,"L","16-May-18","25-May-18","6-Jun-18","9-Jun-18","16-Jun-18","24-Jun-18",8,NA,"Depredated","0700EDF318","","M"
"30-7",2018,"L","16-May-18","25-May-18","6-Jun-18","9-Jun-18","16-Jun-18","24-Jun-18",8,NA,"Depredated","0700EDEF3F","","F"
"32-1",2018,"L","12-May-18","19-May-18","31-May-18","3-Jun-18","10-Jun-18","18-Jun-18",6,3,"Success","0700EE38F7","","M"
"32-1",2018,"L","12-May-18","19-May-18","31-May-18","3-Jun-18","10-Jun-18","18-Jun-18",6,3,"Success","0700EDE84B","","F"
"32-1A",2018,"L","12-May-18","22-May-18","3-Jun-18","4-Jun-18","11-Jun-18","19-Jun-18",9,NA,"Depredated","0700EE05D4","","M"
"32-1A",2018,"L","12-May-18","22-May-18","3-Jun-18","4-Jun-18","11-Jun-18","19-Jun-18",9,NA,"Depredated","0700EDED2A","","F"
"34",2018,"L","23-May-18","2-Jun-18","14-Jun-18","14-Jun-18","21-Jun-18","29-Jun-18",7,NA,"Success","0700ED85C7","","M"
"34",2018,"L","23-May-18","2-Jun-18","14-Jun-18","14-Jun-18","21-Jun-18","29-Jun-18",7,NA,"Success","0700EDFD5D","","F"
"37-1",2018,"L","19-May-18","26-May-18","7-Jun-18","8-Jun-18","15-Jun-18","23-Jun-18",6,NA,"Depredated","0700EE078D","","M"
"37-1",2018,"L","19-May-18","26-May-18","7-Jun-18","8-Jun-18","15-Jun-18","23-Jun-18",6,NA,"Depredated","0700EE197F","","F"
"37-2",2018,"L","24-May-18","2-Jun-18","14-Jun-18","14-Jun-18","21-Jun-18","29-Jun-18",7,NA,"Depredated","0700EDAA04","","M"
"37-2",2018,"L","24-May-18","2-Jun-18","14-Jun-18","14-Jun-18","21-Jun-18","29-Jun-18",7,NA,"Depredated","0700EE04FF","","F"
"37-3",2018,"L","21-May-18","29-May-18","10-Jun-18","11-Jun-18","18-Jun-18","26-Jun-18",7,NA,"Depredated","0700EE4308","","M"
"37-3",2018,"L","21-May-18","29-May-18","10-Jun-18","11-Jun-18","18-Jun-18","26-Jun-18",7,NA,"Depredated","0700EE3513","","F"
"39-2",2018,"L","15-May-18","23-May-18","4-Jun-18","5-Jun-18","12-Jun-18","20-Jun-18",7,NA,"Depredated","0700EDF91A","","M"
"39-2",2018,"L","15-May-18","23-May-18","4-Jun-18","5-Jun-18","12-Jun-18","20-Jun-18",7,NA,"Depredated","0700EDFF49","","F"
"39-3",2018,"L","14-May-18","21-May-18","2-Jun-18","4-Jun-18","11-Jun-18","19-Jun-18",6,NA,"Depredated","0700EE3CB7","","M"
"39-3",2018,"L","14-May-18","21-May-18","2-Jun-18","4-Jun-18","11-Jun-18","19-Jun-18",6,NA,"Depredated","0700ED9109","","F"
"40",2018,"L","11-May-18","19-May-18","31-May-18","31-May-18","7-Jun-18","15-Jun-18",7,NA,"Depredated","0700EE023F","","M"
"40",2018,"L","11-May-18","19-May-18","31-May-18","31-May-18","7-Jun-18","15-Jun-18",7,NA,"Depredated","0700EE35D4","","F"
"41-1",2018,"L","22-May-18","31-May-18","12-Jun-18","11-Jun-18","18-Jun-18","26-Jun-18",7,NA,"Depredated","0700EDA70B","","M"
"41-1",2018,"L","22-May-18","31-May-18","12-Jun-18","11-Jun-18","18-Jun-18","26-Jun-18",7,NA,"Depredated","0700ED8B76","","F"
"41-3",2018,"L","22-May-18","2-Jun-18","14-Jun-18","13-Jun-18","20-Jun-18","28-Jun-18",7,NA,"Depredated","0700EDFEE5","","M"
"41-3",2018,"L","22-May-18","2-Jun-18","14-Jun-18","13-Jun-18","20-Jun-18","28-Jun-18",7,NA,"Depredated","0700EDCC34","","F"
"43-1",2018,"L","19-May-18","27-May-18","8-Jun-18","10-Jun-18","17-Jun-18","25-Jun-18",8,NA,"Depredated","03000365FE","","M"
"43-1",2018,"L","19-May-18","27-May-18","8-Jun-18","10-Jun-18","17-Jun-18","25-Jun-18",8,NA,"Depredated","0700EE369E","","F"
"43-3",2018,"L","23-May-18","30-May-18","11-Jun-18","12-Jun-18","19-Jun-18","27-Jun-18",6,NA,"Depredated","0700EE34AD","","M"
"43-3",2018,"L","23-May-18","30-May-18","11-Jun-18","12-Jun-18","19-Jun-18","27-Jun-18",6,NA,"Depredated","0700EE41FD","","F"
"45",2018,"L","28-May-18","2-Jun-18","14-Jun-18","16-Jun-18","23-Jun-18","1-Jul-18",5,NA,"Depredated","0700EE43BC","","M"
"45",2018,"L","28-May-18","2-Jun-18","14-Jun-18","16-Jun-18","23-Jun-18","1-Jul-18",5,NA,"Depredated","0700EDC805","","F"
"46",2018,"L","15-May-18","24-May-18","5-Jun-18","6-Jun-18","13-Jun-18","21-Jun-18",8,NA,"Success","0700EDD5E8","","M"
"46",2018,"L","15-May-18","24-May-18","5-Jun-18","6-Jun-18","13-Jun-18","21-Jun-18",8,NA,"Success","0700ED9496","","F"
"47-1",2018,"L","26-May-18","2-Jun-18","14-Jun-18","17-Jun-18","24-Jun-18","2-Jul-18",6,NA,"Success",NA,"","M"
"47-1",2018,"L","26-May-18","2-Jun-18","14-Jun-18","17-Jun-18","24-Jun-18","2-Jul-18",6,NA,"Success","0700EDF80E","","F"
"49-1",2018,"L","15-May-18","25-May-18","6-Jun-18","7-Jun-18","14-Jun-18","22-Jun-18",9,NA,"Depredated","0700ED89CE","","M"
"49-1",2018,"L","15-May-18","25-May-18","6-Jun-18","7-Jun-18","14-Jun-18","22-Jun-18",9,NA,"Depredated","0700EDCD28","","F"
"51",2018,"L","12-May-18","25-May-18","6-Jun-18","5-Jun-18","12-Jun-18","20-Jun-18",8,NA,"Depredated","0700EDD85C","","M"
"51",2018,"L","12-May-18","25-May-18","6-Jun-18","5-Jun-18","12-Jun-18","20-Jun-18",8,NA,"Depredated","0700EE378F","","F"
"51-1",2018,"L","12-May-18","23-May-18","4-Jun-18","7-Jun-18","14-Jun-18","22-Jun-18",7,NA,"Depredated","0700EDC1B1","","M"
"51-1",2018,"L","12-May-18","23-May-18","4-Jun-18","7-Jun-18","14-Jun-18","22-Jun-18",7,NA,"Depredated","300022078","","F"
"53-1",2018,"L","17-May-18","25-May-18","6-Jun-18","7-Jun-18","14-Jun-18","22-Jun-18",7,NA,"Depredated","0700EDD698","","M"
"53-1",2018,"L","17-May-18","25-May-18","6-Jun-18","7-Jun-18","14-Jun-18","22-Jun-18",7,NA,"Depredated","0700ED8EAF","","F"
"55-1",2018,"L","30-May-18","4-Jun-18","16-Jun-18","18-Jun-18","25-Jun-18","3-Jul-18",6,NA,"Depredated","0700EE38DF","","M"
"55-1",2018,"L","30-May-18","4-Jun-18","16-Jun-18","18-Jun-18","25-Jun-18","3-Jul-18",6,NA,"Depredated","0700EDE0C0","","F"
"55-6",2018,"L","19-May-18","27-May-18","8-Jun-18","9-Jun-18","16-Jun-18","24-Jun-18",8,8,"Success","0700EE41CF","","M"
"55-6",2018,"L","19-May-18","27-May-18","8-Jun-18","9-Jun-18","16-Jun-18","24-Jun-18",8,8,"Success","0700EDCC90","","F"
"58",2018,"L","23-May-18","31-May-18","12-Jun-18","13-Jun-18","20-Jun-18","28-Jun-18",7,NA,"Depredated","0700EE3937","","M"
"58",2018,"L","23-May-18","31-May-18","12-Jun-18","13-Jun-18","20-Jun-18","28-Jun-18",7,NA,"Depredated","0700EE455A","","F"
"58-3",2018,"L","20-May-18","29-May-18","10-Jun-18","10-Jun-18","17-Jun-18","25-Jun-18",8,NA,"Depredated","0700EDC24A","","M"
"58-3",2018,"L","20-May-18","29-May-18","10-Jun-18","10-Jun-18","17-Jun-18","25-Jun-18",8,NA,"Depredated","0700EE1CDF","","F"
"61-2",2018,"L","23-May-18","1-Jun-18","13-Jun-18","13-Jun-18","20-Jun-18","28-Jun-18",8,NA,"Depredated","0700EDA62A","","M"
"61-2",2018,"L","23-May-18","1-Jun-18","13-Jun-18","13-Jun-18","20-Jun-18","28-Jun-18",8,NA,"Depredated","0700ED8BB7","","F"
"64",2018,"L","2-Jun-18","7-Jun-18","19-Jun-18","21-Jun-18","28-Jun-18","6-Jul-18",6,NA,"Depredated","","","M"
"64",2018,"L","2-Jun-18","7-Jun-18","19-Jun-18","21-Jun-18","28-Jun-18","6-Jul-18",6,NA,"Depredated","0700EE39D0","","F"
"65-1",2018,"L","19-May-18","27-May-18","8-Jun-18","9-Jun-18","16-Jun-18","24-Jun-18",8,NA,"Depredated","0700EDDA07","","M"
"65-1",2018,"L","19-May-18","27-May-18","8-Jun-18","9-Jun-18","16-Jun-18","24-Jun-18",8,NA,"Depredated","0700EDDDAF","","F"
"66",2018,"L","17-May-18","28-May-18","9-Jun-18","10-Jun-18","17-Jun-18","25-Jun-18",8,4,"Success","030001AA57","","M"
"66",2018,"L","17-May-18","28-May-18","9-Jun-18","10-Jun-18","17-Jun-18","25-Jun-18",8,4,"Success","0700EE29F8","","F"
"67-1",2018,"L","20-May-18","28-May-18","9-Jun-18","9-Jun-18","16-Jun-18","24-Jun-18",7,NA,"Depredated","0700EDE4F9","","M"
"67-1",2018,"L","20-May-18","28-May-18","9-Jun-18","9-Jun-18","16-Jun-18","24-Jun-18",7,NA,"Depredated","0700ED98B4","","F"
"67-3",2018,"L","25-May-18","2-Jun-18","14-Jun-18","15-Jun-18","22-Jun-18","30-Jun-18",7,NA,"Success","","","M"
"67-3",2018,"L","25-May-18","2-Jun-18","14-Jun-18","15-Jun-18","22-Jun-18","30-Jun-18",7,NA,"Success","0700ED9715","","F"
"67-4",2018,"L","16-May-18","25-May-18","6-Jun-18","7-Jun-18","14-Jun-18","22-Jun-18",8,NA,"Success","0700EDE020","","M"
"67-4",2018,"L","16-May-18","25-May-18","6-Jun-18","7-Jun-18","14-Jun-18","22-Jun-18",8,NA,"Success","","","F"
"69-1",2018,"L","25-May-18","1-Jun-17","13-Jun-17","14-Jun-18","21-Jun-18","29-Jun-18",7,NA,"Depredated","0700EDECE1","","M"
"69-1",2018,"L","25-May-18","1-Jun-17","13-Jun-17","14-Jun-18","21-Jun-18","29-Jun-18",7,NA,"Depredated","0700EDAAAB","","F"
"71",2018,"L","19-May-18","27-May-18","8-Jun-18","11-Jun-18","18-Jun-18","26-Jun-18",8,NA,"Depredated","0700EE14A0","","M"
"71",2018,"L","19-May-18","27-May-18","8-Jun-18","11-Jun-18","18-Jun-18","26-Jun-18",8,NA,"Depredated","7","","F"
"72",2018,"L","19-May-18","27-May-18","8-Jun-18","","6-Jan-00","",7,NA,"Success","030002EB78","","M"
"72",2018,"L","19-May-18","27-May-18","8-Jun-18","","6-Jan-00","",7,NA,"Success","0700EDA87B","","F"
"76",2018,"L","17-May-18","24-May-18","5-Jun-18","7-Jun-18","14-Jun-18","22-Jun-18",6,NA,"Depredated","0700EE0441","","M"
"76",2018,"L","17-May-18","24-May-18","5-Jun-18","7-Jun-18","14-Jun-18","22-Jun-18",6,NA,"Depredated","0700EDF81A","","F"
"78",2018,"L","15-May-18","24-May-18","5-Jun-18","6-Jun-18","13-Jun-18","21-Jun-18",8,NA,"Depredated","0700EDA00F","","M"
"78",2018,"L","15-May-18","24-May-18","5-Jun-18","6-Jun-18","13-Jun-18","21-Jun-18",8,NA,"Depredated","0700EE01A3","","F"
"80",2018,"L","16-May-18","23-May-18","4-Jun-18","7-Jun-18","14-Jun-18","22-Jun-18",6,NA,"Success","0700EE133E","","M"
"80",2018,"L","16-May-18","23-May-18","4-Jun-18","7-Jun-18","14-Jun-18","22-Jun-18",6,NA,"Success","0700EE120A","","F"
"83",2018,"L","24-May-18","2-Jun-18","14-Jun-18","15-Jun-18","22-Jun-18","30-Jun-18",8,NA,"Depredated","0700ED88B3","","M"
"83",2018,"L","24-May-18","2-Jun-18","14-Jun-18","15-Jun-18","22-Jun-18","30-Jun-18",8,NA,"Depredated","0700EE279D","","F"
"86",2018,"L","20-May-18","28-May-18","9-Jun-18","10-Jun-18","17-Jun-18","25-Jun-18",8,4,"Success","","","M"
"86",2018,"L","20-May-18","28-May-18","9-Jun-18","10-Jun-18","17-Jun-18","25-Jun-18",8,4,"Success","0700EDDCB3","","F"
"87",2018,"L","21-May-18","28-May-18","9-Jun-18","6/10/2018","17-Jun-18","25-Jun-18",6,NA,"Depredated","0700EDBD83","","M"
"87",2018,"L","21-May-18","28-May-18","9-Jun-18","6/10/2018","17-Jun-18","25-Jun-18",6,NA,"Depredated","0700EE15DA","","F"
"89",2018,"L","21-May-18","29-May-18","10-Jun-18","13-Jun-18","20-Jun-18","28-Jun-18",8,NA,"Depredated","011017A296","","M"
"89",2018,"L","21-May-18","29-May-18","10-Jun-18","13-Jun-18","20-Jun-18","28-Jun-18",8,NA,"Depredated","0700EE0B93","","F"
"90A",2018,"L","24-May-18","2-Jun-18","14-Jun-18","14-Jun-18","21-Jun-18","29-Jun-18",8,NA,"Depredated","0700EDF0A1","","M"
"90A",2018,"L","24-May-18","2-Jun-18","14-Jun-18","14-Jun-18","21-Jun-18","29-Jun-18",8,NA,"Depredated","0700EDDB07","","F"
"92",2018,"L","22-May-18","28-May-18","9-Jun-18","10-Jun-18","17-Jun-18","25-Jun-18",7,NA,"Success","UNBANDED","","M"
"92",2018,"L","22-May-18","28-May-18","9-Jun-18","10-Jun-18","17-Jun-18","25-Jun-18",7,NA,"Success","0700EDB4A7","","F"
"93",2018,"L","unknown","unknown","unknown","12-Jul-18","19-Jul-18","27-Jul-18",6,5,"Success","0700EDBE2D","","M"
"93",2018,"L","unknown","unknown","unknown","12-Jul-18","19-Jul-18","27-Jul-18",6,5,"Success","0700EDB4A7","","F"
"94",2018,"L","28-May-18","4-Jun-18","16-Jun-18","18-Jun-18","25-Jun-18","3-Jul-18",8,NA,"Depredated","0700ED90EB","","M"
"94",2018,"L","28-May-18","4-Jun-18","16-Jun-18","18-Jun-18","25-Jun-18","3-Jul-18",8,NA,"Depredated","0700EE3D48","","F"
"96",2018,"L","26-May-18","1-Jun-18","13-Jun-18","18-Jun-18","25-Jun-18","3-Jul-18",6,NA,"Success","0700EDAD20","","M"
"96",2018,"L","26-May-18","1-Jun-18","13-Jun-18","18-Jun-18","25-Jun-18","3-Jul-18",6,NA,"Success","0700EDF0B4","","F"
